x1,x2,y
58.199376876346776,17.763814642627406,119.32284895399205
71.52548405182644,15.537348790752992,152.73623968342045
29.736271020554888,25.194481258513463,56.43571021634567
18.61573236484801,7.559025087276733,61.850994027097094
34.28137013002357,10.735837058624103,93.78401947014062
91.4044676530498,48.98295660480502,150.53504600074376
59.40689298926329,34.16642654936125,109.45409139100595
39.94738506446299,18.04786160829418,77.13106490852232
51.75179906835959,10.389178292360429,104.88266666427559
32.10937837192544,42.41913624450234,54.13414373827751
92.65142694763226,44.366345059592916,167.88075266029227
91.7306814860661,22.508281136991048,170.6665673002758
28.419112941403473,44.978520423050206,49.56505872580361
52.7606574679093,16.006597958852907,113.66329683651225
32.96569117727752,3.664331394689946,82.83040419640021
63.056984541088205,40.08677689560822,108.40119569967754
80.87108203156897,49.49075361833057,129.32631252801514
94.36901320096058,45.90368107008945,135.45819503355006
31.2700988294867,12.669667499293935,83.79223112829484
16.302716892108766,10.49313687361903,58.922351733538775
63.627826456584174,13.854512029459615,132.88685180397567
47.24201007033524,11.986899199218016,110.1380562374167
62.30864022851262,45.22015519420718,102.22799888604811
17.442407015231893,18.765471930510447,56.97928153759383
37.362756685513546,12.116348029641005,92.52958048133155
93.28626400012548,37.42294925753827,164.50041566714225
58.710921587032104,6.86717427529524,135.28233989185446
85.33166347188305,39.09215846327061,152.07204765646387
21.486105829466908,21.18190746273278,66.38430778891362
96.0223739730308,27.9315545119433,182.114512365546
28.658652632119466,45.44614040171598,41.77773260038733
97.78600360998102,38.297534954873484,165.32416713906989
68.99453154511704,27.44426193067042,132.5213312798282
79.07717525154116,49.15586614221327,133.88753081318413
94.24426059720906,42.80232257833128,152.30482498584294
54.972965391366635,27.547450768912224,100.8546425206489
20.358233711155222,30.040810283024133,43.247565199964775
56.273897997216885,25.791263821613658,109.55939376709276
46.446841705353755,49.342573834696665,79.53812205567685
12.943034039771536,6.4755852792164115,56.298059937966684
26.84036066902278,9.697737212027674,67.05797531446137
33.163861062402596,32.78719647950304,66.78668910228349
17.96027510339933,46.38917619453651,10.844991069653986
35.12745739327055,25.760777956898234,78.94392780243133
12.861069830278657,26.754870170400697,19.562731728970093
39.301507638403166,24.734724022970976,67.0560731273061
90.33179489529023,46.153285381150624,145.48371685127623
10.480593816665348,9.018516318284231,38.0505926332173
66.51845122917281,32.91419106830751,123.88660326000715
56.72667486345329,13.152446638109582,110.2057445157224
62.35433410806243,36.92511285377243,120.14095777279769
84.20627919202046,7.70460523257066,168.55587882235216
60.55863304428684,15.583552024325154,114.87310739114076
24.83972115335655,41.466657760823,32.08677312091144
99.69627976058186,38.016648040874244,178.25910576225547
94.24291324658539,16.910383967504476,182.15748991489525
99.52934248478765,27.235104244251403,189.97757147826832
20.41771902779466,22.171179614933568,44.305923283703954
41.49254588212749,4.194970042849039,91.74228750506978
73.5520748280914,33.85020591840364,136.75171221071082
95.45905872496033,18.07800959902201,176.063597355676
95.84061320814087,37.20951601085729,162.8036514915159
75.36870758159333,49.61126356189854,124.21198625451852
14.091984055734631,11.482071136176685,33.342337668003864
48.931140820960074,1.2530636615855129,106.07474513691801
59.48100282417941,29.141863587593065,124.55797876676901
38.92585429418659,13.821306896543495,92.57063189643196
61.39332572708097,40.446361530320175,121.91999212205116
28.355345475871474,1.8243653893900535,74.60242651749802
86.60069482742325,3.288355533523241,201.22927209102932
77.86062919931065,13.734563153326517,162.8551406364696
82.08253439439687,48.91091768332386,123.55423455104311
25.076098298609196,0.5767624414352468,66.23053176012327
48.74424144445116,24.218414479497387,95.04486425314059
75.66550552351573,25.791060292152483,143.46743079272002
10.477632002954847,7.914327941260496,35.997667571506625
62.84097957224255,29.339924681999925,118.18696618443998
85.76851843869187,48.88189791634149,143.80157479819886
67.95807520659605,36.079656783217004,118.4923161558169
71.97469480394938,39.480242651679845,121.13268950110879
79.12776468883,48.94140387622876,131.2699712137979
21.532692430529632,42.43774764726045,21.07390180858185
71.17396648024598,44.02732356486661,129.51818195097738
98.13269164374634,17.830560206617047,187.2858087643802
71.01266938191941,32.48274830402789,124.29706340686946
15.73198825160998,32.80214564939507,27.25766041713712
23.519243887449203,38.38668730035671,37.47029126528968
63.03430695767256,29.53310037253591,111.70423138495725
94.56201540456868,30.154460442674853,173.717983194979
64.28810920647118,35.64919352493327,133.6205779120333
71.32369815584305,26.426687767862955,129.70952369122867
63.989798660371214,40.70179577704251,109.97522034302966
64.66099463851612,22.9532715569326,134.636367849862
83.62865925770038,7.9516716876525955,177.01853726753527
66.64194842578905,43.68673009327515,103.64048700779202
43.29979164021078,15.924985375813172,76.58925267234108
70.85100821797883,13.25784855591085,144.81211003556086
20.295330167921982,33.34124577515162,39.57746504950615
40.67265555763938,28.42421422631565,71.1135222961018
66.21082543334663,14.42927756547203,121.5371690697832
82.15097527155623,0.23642166294626232,172.7533116881839
29.2316706368623,0.4453492602580822,83.20046153026412
58.9742328814392,9.756351530711349,127.33926073001989
40.521869393987856,36.206407317953385,58.043623026377624
60.72965330679645,41.46897279077771,90.61895952178652
54.2730662929871,41.536952913009195,87.47794274046501
39.83682295272821,0.9888988481708716,88.99008184955848
96.56960455923581,46.418464837415925,156.14527166041435
32.31693912118421,27.513309168653972,58.57677709338814
38.319816268243414,13.391342426665604,87.50642695286051
17.243154283475743,41.08330700158197,23.647069230735376
76.79398569702617,22.205018142067434,153.58087705444493
35.26204334222787,33.14324403918067,76.80691513696908
76.00745482960276,41.54892156968395,117.1113408953701
46.362447355804534,21.848610396923068,109.08652879734146
18.00398972992086,28.86193099122105,41.868695976090066
88.0629818961366,14.01020853855879,185.11736205851565
23.074269970315832,1.1511984729793034,67.91697958710567
89.77685148247055,20.23248992613983,169.58286691214346
20.29224535609051,21.322881345441164,51.447896027251545
